{
  "autoplayTransitionDelay" : 5,
  "author" : "",
  "timestamp" : "2018-34-4 11:6:0",
  "loopSlideshow" : 0,
  "filename" : "YUPAY Skelecton Project",
  "autoplayBuildDelay" : 2,
  "comment" : "",
  "title" : "YUPAY Skelecton Project",
  "showMode" : 0,
  "creator" : "Apple Keynote 8.0.1",
  "slideList" : [
    "3546CCA1-2487-4F5B-87D6-78DAD00BB2CF",
    "CE8BBB52-A005-46A3-B403-679182D359B5",
    "6D675D21-DB62-47AF-8A45-F91B85519AAF",
    "2E3511D6-F7BD-4288-9308-EEF4334ACFCA",
    "CAAE07CB-8BFD-4E8B-9599-CE6B481F2858",
    "AA472BB8-B10E-4D2B-B392-1BEC23A7639F",
    "27AB81DB-7E6D-480A-A7CF-FAE0FE17817F",
    "18C8EC1D-6507-4848-804A-829FEA1AA6C2",
    "9A934DE6-2384-452B-8F6D-5A78655DFCD9",
    "0DAEE8B1-062F-42DD-9E9A-4DAB69A3DD4E",
    "BF298E4A-254F-47E9-90BA-9FF990A17338",
    "4697B716-1FED-4A8B-BC0E-88871E59B729"
  ],
  "soundtrack" : {
    "mode" : 0,
    "volume" : 1
  },
  "slideWidth" : 1024,
  "slideHeight" : 768,
  "slideCount" : 12,
  "majorVersion" : 1,
  "minorVersion" : 2,
  "fonts" : [
    "Helvetica-Light",
    "HelveticaNeue-Light",
    "HelveticaNeue-Bold",
    "HelveticaNeue",
    "HelveticaNeue-Thin",
    "Helvetica",
    "PTSerif-Caption",
    "HelveticaNeue-Italic",
    "GillSans",
    "HelveticaNeue-Medium"
  ]
}